{
  "project_info": {
    "project_number": "924521657351",
    "project_id": "event-management-c31c5",
    "storage_bucket": "event-management-c31c5.appspot.com"
  },
  "client": [
    {
      "client_info": {
        "mobilesdk_app_id": "1:924521657351:android:f54a681aff0000e209a6a2",
        "android_client_info": {
          "package_name": "com.example.event"
        }
      },
      "oauth_client": [
        {
          "client_id": "924521657351-36enbdufgtbcr228srhlh64i2mpagb3h.apps.googleusercontent.com",
          "client_type": 3
        }
      ],
      "api_key": [
        {
          "current_key": "AIzaSyAJeaKLSiPk8_2lnslSwoRtxHNYawyqCGc"
        }
      ],
      "services": {
        "appinvite_service": {
          "other_platform_oauth_client": [
            {
              "client_id": "924521657351-36enbdufgtbcr228srhlh64i2mpagb3h.apps.googleusercontent.com",
              "client_type": 3
            }
          ]
        }
      }
    }
  ],
  "configuration_version": "1"
}